rizik,naziv,p80_bez_rizika,doprinos_p80,vjerojatnost_u_roku_bez_rizika,poboljsanje_vjerojatnosti_u_roku
T5,Nedovoljna pouzdanost AI modela,37.10153739752043,1.4787464670319395,0.39132,0.17848
T3,Poteškoće integracije i kvalitete podataka,37.85437776963856,0.7259060949138103,0.34936,0.13652
T4,Niska prihvaćenost nadzornih ploča,38.24474662756954,0.3355372369828302,0.23888,0.026040000000000008
T9,Nedovoljna skalabilnost prototipa,38.330392499847214,0.2498913647051566,0.24088,0.02804000000000001
T1,Nizak odaziv dionika,38.474605279338185,0.10567858521418572,0.22452,0.011679999999999996
T2,Neusklađenost konceptualnog modela,38.502247828068406,0.07803603648396518,0.22038,0.007539999999999991
T8,Problemi koordinacije projekta,38.51899979973407,0.0612840648183024,0.23954,0.0267
T6,Kašnjenje publikacija i projektnih prijava,38.58028386455237,0.0,0.22722,0.014380000000000004
T7,Nejasno tržišno pozicioniranje ili potražnja,38.58028386455237,0.0,0.24666,0.03381999999999999
