id,vrsta,naziv,tip_ucinka,kvalitativna_vjerojatnost,kvalitativni_utjecaj,vjerojatnost,cilj,minimum,najvjerojatnije,maksimum,ukljucen,obrazlozenje
T1,Prijetnja,Nizak odaziv dionika,glavni,Srednja,Srednji,0.45,A1.1,0.5,1.0,2.0,True,"Slabiji odaziv može produljiti prikupljanje podataka u visokom obrazovanju i, u manjoj mjeri, analizu potreba poduzeća."
T1,Prijetnja,Nizak odaziv dionika,dodatni,Srednja,Srednji,0.45,A1.2,0.25,0.5,1.0,True,"Slabiji odaziv može produljiti prikupljanje podataka u visokom obrazovanju i, u manjoj mjeri, analizu potreba poduzeća."
T2,Prijetnja,Neusklađenost konceptualnog modela,glavni,Niska,Visok,0.15,A2.1,0.5,1.5,3.0,True,"Ponavljanje validacije, izmjena zahtjeva i dorada koncepta."
T3,Prijetnja,Poteškoće integracije i kvalitete podataka,glavni,Srednja,Visok,0.45,A3.1,1.0,2.0,4.0,True,"Problemi s dostupnošću, formatom ili kvalitetom podataka mogu zahtijevati dodatno čišćenje i integraciju u prototipu te prilagodbu podatkovne podloge za primjere uporabe."
T3,Prijetnja,Poteškoće integracije i kvalitete podataka,dodatni,Srednja,Visok,0.45,A4.1,0.5,1.0,2.0,True,"Problemi s dostupnošću, formatom ili kvalitetom podataka mogu zahtijevati dodatno čišćenje i integraciju u prototipu te prilagodbu podatkovne podloge za primjere uporabe."
T4,Prijetnja,Niska prihvaćenost nadzornih ploča,glavni,Srednja,Srednji,0.45,A3.2,0.5,1.0,2.0,True,Slabija prihvaćenost može zahtijevati dodatno korisničko testiranje i doradu sučelja te manju prilagodbu načina primjene rješenja u konkretnim slučajevima uporabe.
T4,Prijetnja,Niska prihvaćenost nadzornih ploča,dodatni,Srednja,Srednji,0.45,A4.1,0.25,0.5,1.0,True,Slabija prihvaćenost može zahtijevati dodatno korisničko testiranje i doradu sučelja te manju prilagodbu načina primjene rješenja u konkretnim slučajevima uporabe.
T5,Prijetnja,Nedovoljna pouzdanost AI modela,glavni,Srednja,Visok,0.45,A4.1,1.0,2.0,4.0,True,"Nedovoljno pouzdani izlazi mogu zahtijevati ponovno treniranje ili prilagodbu modela, dodatnu evaluaciju performansi i ponovnu validaciju u prototipu."
T5,Prijetnja,Nedovoljna pouzdanost AI modela,dodatni,Srednja,Visok,0.45,A3.2,0.25,0.5,1.0,True,"Nedovoljno pouzdani izlazi mogu zahtijevati ponovno treniranje ili prilagodbu modela, dodatnu evaluaciju performansi i ponovnu validaciju u prototipu."
T6,Prijetnja,Kašnjenje publikacija i projektnih prijava,glavni,Srednja,Nizak,0.45,A5.2,0.25,0.5,1.5,True,"Dorada rada, recenzijski zahtjevi ili nepovoljan rok mogu odgoditi završnu diseminaciju i prijave."
T7,Prijetnja,Nejasno tržišno pozicioniranje ili potražnja,glavni,Niska,Visok,0.15,A5.1,0.25,0.75,1.5,True,Dodatna tržišna analiza i prilagodba strategije komercijalizacije mogu produljiti A5.1.
T8,Prijetnja,Problemi koordinacije projekta,glavni,Niska,Srednji,0.15,A2.1,0.1,0.2,0.4,True,"Kašnjenje odluka, potvrda, razmjene informacija ili primopredaje između projektnih tokova može produljiti aktivnosti koje ovise o koordinaciji više partnera ili o rezultatima prethodnih aktivnosti."
T8,Prijetnja,Problemi koordinacije projekta,dodatni,Niska,Srednji,0.15,A3.1,0.1,0.25,0.5,True,"Kašnjenje odluka, potvrda, razmjene informacija ili primopredaje između projektnih tokova može produljiti aktivnosti koje ovise o koordinaciji više partnera ili o rezultatima prethodnih aktivnosti."
T8,Prijetnja,Problemi koordinacije projekta,dodatni,Niska,Srednji,0.15,A3.2,0.1,0.25,0.5,True,"Kašnjenje odluka, potvrda, razmjene informacija ili primopredaje između projektnih tokova može produljiti aktivnosti koje ovise o koordinaciji više partnera ili o rezultatima prethodnih aktivnosti."
T8,Prijetnja,Problemi koordinacije projekta,dodatni,Niska,Srednji,0.15,A4.1,0.1,0.25,0.5,True,"Kašnjenje odluka, potvrda, razmjene informacija ili primopredaje između projektnih tokova može produljiti aktivnosti koje ovise o koordinaciji više partnera ili o rezultatima prethodnih aktivnosti."
T8,Prijetnja,Problemi koordinacije projekta,dodatni,Niska,Srednji,0.15,A5.1,0.1,0.3,0.6,True,"Kašnjenje odluka, potvrda, razmjene informacija ili primopredaje između projektnih tokova može produljiti aktivnosti koje ovise o koordinaciji više partnera ili o rezultatima prethodnih aktivnosti."
T8,Prijetnja,Problemi koordinacije projekta,dodatni,Niska,Srednji,0.15,A5.2,0.1,0.3,0.6,True,"Kašnjenje odluka, potvrda, razmjene informacija ili primopredaje između projektnih tokova može produljiti aktivnosti koje ovise o koordinaciji više partnera ili o rezultatima prethodnih aktivnosti."
T9,Prijetnja,Nedovoljna skalabilnost prototipa,glavni,Niska,Visok,0.15,A3.2,1.0,2.0,4.0,True,Problem skalabilnosti može zahtijevati arhitekturne dorade prototipa i zatim dodatno testiranje i ponovnu validaciju.
T9,Prijetnja,Nedovoljna skalabilnost prototipa,dodatni,Niska,Visok,0.15,A3.1,0.5,1.0,2.0,True,Problem skalabilnosti može zahtijevati arhitekturne dorade prototipa i zatim dodatno testiranje i ponovnu validaciju.
P1,Prilika,Ranija dostupnost tržišnih i partnerskih podataka,glavni,Srednja - procjena autorice,Srednji - procjena autorice,0.45,A5.1,0.25,0.5,1.0,True,Raniji tržišni i partnerski podatci mogu ubrzati razvoj strategije suradnje te u manjoj mjeri olakšati završnu diseminaciju i umrežavanje.
P1,Prilika,Ranija dostupnost tržišnih i partnerskih podataka,dodatni,Srednja - procjena autorice,Srednji - procjena autorice,0.45,A5.2,0.1,0.25,0.5,True,Raniji tržišni i partnerski podatci mogu ubrzati razvoj strategije suradnje te u manjoj mjeri olakšati završnu diseminaciju i umrežavanje.
